timestamp,value
1396281600,20.0
1396281900,20.0
1396282200,20.0
1396282500,20.0
1396282800,20.0
1396283100,20.0
1396283400,20.0
1396283700,20.0
1396284000,20.0
1396284300,20.0
1396284600,20.0
1396284900,20.0
1396285200,20.0
1396285500,20.0
1396285800,20.0
1396286100,20.0
1396286400,20.0
1396286700,20.0
1396287000,20.0
1396287300,20.0
1396287600,20.0
1396287900,20.0
1396288200,20.0
1396288500,20.0
1396288800,20.0
1396289100,20.0
1396289400,20.0
1396289700,20.0
1396290000,20.0
1396290300,20.0
1396290600,20.0
1396290900,20.0
1396291200,20.0
1396291500,20.0
1396291800,20.0
1396292100,20.0
1396292400,20.0
1396292700,20.0
1396293000,20.0
1396293300,20.0
1396293600,20.0
1396293900,20.0
1396294200,20.0
1396294500,20.0
1396294800,20.0
1396295100,20.0
1396295400,20.0
1396295700,20.0
1396296000,20.0
1396296300,20.0
1396296600,20.0
1396296900,20.0
1396297200,20.0
1396297500,20.0
1396297800,20.0
1396298100,20.0
1396298400,20.0
1396298700,20.0
1396299000,20.0
1396299300,20.0
1396299600,20.0
1396299900,20.0
1396300200,20.0
1396300500,20.0
1396300800,20.0
1396301100,20.0
1396301400,20.0
1396301700,20.0
1396302000,20.0
1396302300,20.0
1396302600,20.0
1396302900,20.0
1396303200,20.0
1396303500,20.0
1396303800,20.0
1396304100,20.0
1396304400,20.0
1396304700,20.0
1396305000,20.0
1396305300,20.0
1396305600,20.0
1396305900,20.0
1396306200,20.0
1396306500,20.0
1396306800,20.0
1396307100,20.0
1396307400,20.0
1396307700,20.0
1396308000,20.0
1396308300,20.0
1396308600,20.0
1396308900,20.0
1396309200,20.0
1396309500,20.0
1396309800,20.0
1396310100,20.0
1396310400,20.0
1396310700,20.0
1396311000,20.0
1396311300,20.0
1396311600,20.0
1396311900,20.0
1396312200,20.0
1396312500,20.0
1396312800,20.0
1396313100,20.0
1396313400,20.0
1396313700,20.0
1396314000,68.0
1396314300,68.0
1396314600,68.0
1396314900,68.0
1396315200,68.0
1396315500,68.0
1396315800,68.0
1396316100,68.0
1396316400,68.0
1396316700,68.0
1396317000,68.0
1396317300,68.0
1396317600,77.6
1396317900,77.6
1396318200,77.6
1396318500,77.6
1396318800,77.6
1396319100,77.6
1396319400,77.6
1396319700,77.6
1396320000,77.6
1396320300,77.6
1396320600,77.6
1396320900,77.6
1396321200,79.52
1396321500,79.52
1396321800,79.52
1396322100,79.52
1396322400,79.52
1396322700,79.52
1396323000,79.52
1396323300,79.52
1396323600,79.52
1396323900,79.52
1396324200,79.52
1396324500,79.52
1396324800,79.904
1396325100,79.904
1396325400,79.904
1396325700,79.904
1396326000,79.904
1396326300,79.904
1396326600,79.904
1396326900,79.904
1396327200,79.904
1396327500,79.904
1396327800,79.904
1396328100,79.904
1396328400,79.9808
1396328700,79.9808
1396329000,79.9808
1396329300,79.9808
1396329600,79.9808
1396329900,79.9808
1396330200,79.9808
1396330500,79.9808
1396330800,79.9808
1396331100,79.9808
1396331400,79.9808
1396331700,79.9808
1396332000,79.99616
1396332300,79.99616
1396332600,79.99616
1396332900,79.99616
1396333200,79.99616
1396333500,79.99616
1396333800,79.99616
1396334100,79.99616
1396334400,79.99616
1396334700,79.99616
1396335000,79.99616
1396335300,79.99616
1396335600,79.99923199999998
1396335900,79.99923199999998
1396336200,79.99923199999998
1396336500,79.99923199999998
1396336800,79.99923199999998
1396337100,79.99923199999998
1396337400,79.99923199999998
1396337700,79.99923199999998
1396338000,79.99923199999998
1396338300,79.99923199999998
1396338600,79.99923199999998
1396338900,79.99923199999998
1396339200,79.99984640000002
1396339500,79.99984640000002
1396339800,79.99984640000002
1396340100,79.99984640000002
1396340400,79.99984640000002
1396340700,79.99984640000002
1396341000,79.99984640000002
1396341300,79.99984640000002
1396341600,79.99984640000002
1396341900,79.99984640000002
1396342200,79.99984640000002
1396342500,79.99984640000002
1396342800,79.99996928
1396343100,79.99996928
1396343400,79.99996928
1396343700,79.99996928
1396344000,79.99996928
1396344300,79.99996928
1396344600,79.99996928
1396344900,79.99996928
1396345200,79.99996928
1396345500,79.99996928
1396345800,79.99996928
1396346100,79.99996928
1396346400,31.999993856
1396346700,31.999993856
1396347000,31.999993856
1396347300,31.999993856
1396347600,31.999993856
1396347900,31.999993856
1396348200,31.999993856
1396348500,31.999993856
1396348800,31.999993856
1396349100,31.999993856
1396349400,31.999993856
1396349700,31.999993856
1396350000,22.3999987712
1396350300,22.3999987712
1396350600,22.3999987712
1396350900,22.3999987712
1396351200,22.3999987712
1396351500,22.3999987712
1396351800,22.3999987712
1396352100,22.3999987712
1396352400,22.3999987712
1396352700,22.3999987712
1396353000,22.3999987712
1396353300,22.3999987712
1396353600,20.4799997542
1396353900,20.4799997542
1396354200,20.4799997542
1396354500,20.4799997542
1396354800,20.4799997542
1396355100,20.4799997542
1396355400,20.4799997542
1396355700,20.4799997542
1396356000,20.4799997542
1396356300,20.4799997542
1396356600,20.4799997542
1396356900,20.4799997542
1396357200,20.0959999508
1396357500,20.0959999508
1396357800,20.0959999508
1396358100,20.0959999508
1396358400,20.0959999508
1396358700,20.0959999508
1396359000,20.0959999508
1396359300,20.0959999508
1396359600,20.0959999508
1396359900,20.0959999508
1396360200,20.0959999508
1396360500,20.0959999508
1396360800,20.0191999902
1396361100,20.0191999902
1396361400,20.0191999902
1396361700,20.0191999902
1396362000,20.0191999902
1396362300,20.0191999902
1396362600,20.0191999902
1396362900,20.0191999902
1396363200,20.0191999902
1396363500,20.0191999902
1396363800,20.0191999902
1396364100,20.0191999902
1396364400,20.003839998
1396364700,20.003839998
1396365000,20.003839998
1396365300,20.003839998
1396365600,20.003839998
1396365900,20.003839998
1396366200,20.003839998
1396366500,20.003839998
1396366800,20.003839998
1396367100,20.003839998
1396367400,20.003839998
1396367700,20.003839998
1396368000,20.0
1396368300,20.0
1396368600,20.0
1396368900,20.0
1396369200,20.0
1396369500,20.0
1396369800,20.0
1396370100,20.0
1396370400,20.0
1396370700,20.0
1396371000,20.0
1396371300,20.0
1396371600,20.0
1396371900,20.0
1396372200,20.0
1396372500,20.0
1396372800,20.0
1396373100,20.0
1396373400,20.0
1396373700,20.0
1396374000,20.0
1396374300,20.0
1396374600,20.0
1396374900,20.0
1396375200,20.0
1396375500,20.0
1396375800,20.0
1396376100,20.0
1396376400,20.0
1396376700,20.0
1396377000,20.0
1396377300,20.0
1396377600,20.0
1396377900,20.0
1396378200,20.0
1396378500,20.0
1396378800,20.0
1396379100,20.0
1396379400,20.0
1396379700,20.0
1396380000,20.0
1396380300,20.0
1396380600,20.0
1396380900,20.0
1396381200,20.0
1396381500,20.0
1396381800,20.0
1396382100,20.0
1396382400,20.0
1396382700,20.0
1396383000,20.0
1396383300,20.0
1396383600,20.0
1396383900,20.0
1396384200,20.0
1396384500,20.0
1396384800,20.0
1396385100,20.0
1396385400,20.0
1396385700,20.0
1396386000,20.0
1396386300,20.0
1396386600,20.0
1396386900,20.0
1396387200,20.0
1396387500,20.0
1396387800,20.0
1396388100,20.0
1396388400,20.0
1396388700,20.0
1396389000,20.0
1396389300,20.0
1396389600,20.0
1396389900,20.0
1396390200,20.0
1396390500,20.0
1396390800,20.0
1396391100,20.0
1396391400,20.0
1396391700,20.0
1396392000,20.0
1396392300,20.0
1396392600,20.0
1396392900,20.0
1396393200,20.0
1396393500,20.0
1396393800,20.0
1396394100,20.0
1396394400,20.0
1396394700,20.0
1396395000,20.0
1396395300,20.0
1396395600,20.0
1396395900,20.0
1396396200,20.0
1396396500,20.0
1396396800,20.0
1396397100,20.0
1396397400,20.0
1396397700,20.0
1396398000,20.0
1396398300,20.0
1396398600,20.0
1396398900,20.0
1396399200,20.0
1396399500,20.0
1396399800,20.0
1396400100,20.0
1396400400,68.0
1396400700,68.0
1396401000,68.0
1396401300,68.0
1396401600,68.0
1396401900,68.0
1396402200,68.0
1396402500,68.0
1396402800,68.0
1396403100,68.0
1396403400,68.0
1396403700,68.0
1396404000,77.6
1396404300,77.6
1396404600,77.6
1396404900,77.6
1396405200,77.6
1396405500,77.6
1396405800,77.6
1396406100,77.6
1396406400,77.6
1396406700,77.6
1396407000,77.6
1396407300,77.6
1396407600,79.52
1396407900,79.52
1396408200,79.52
1396408500,79.52
1396408800,79.52
1396409100,79.52
1396409400,79.52
1396409700,79.52
1396410000,79.52
1396410300,79.52
1396410600,79.52
1396410900,79.52
1396411200,79.904
1396411500,79.904
1396411800,79.904
1396412100,79.904
1396412400,79.904
1396412700,79.904
1396413000,79.904
1396413300,79.904
1396413600,79.904
1396413900,79.904
1396414200,79.904
1396414500,79.904
1396414800,79.9808
1396415100,79.9808
1396415400,79.9808
1396415700,79.9808
1396416000,79.9808
1396416300,79.9808
1396416600,79.9808
1396416900,79.9808
1396417200,79.9808
1396417500,79.9808
1396417800,79.9808
1396418100,79.9808
1396418400,79.99616
1396418700,79.99616
1396419000,79.99616
1396419300,79.99616
1396419600,79.99616
1396419900,79.99616
1396420200,79.99616
1396420500,79.99616
1396420800,79.99616
1396421100,79.99616
1396421400,79.99616
1396421700,79.99616
1396422000,79.99923199999998
1396422300,79.99923199999998
1396422600,79.99923199999998
1396422900,79.99923199999998
1396423200,79.99923199999998
1396423500,79.99923199999998
1396423800,79.99923199999998
1396424100,79.99923199999998
1396424400,79.99923199999998
1396424700,79.99923199999998
1396425000,79.99923199999998
1396425300,79.99923199999998
1396425600,79.99984640000002
1396425900,79.99984640000002
1396426200,79.99984640000002
1396426500,79.99984640000002
1396426800,79.99984640000002
1396427100,79.99984640000002
1396427400,79.99984640000002
1396427700,79.99984640000002
1396428000,79.99984640000002
1396428300,79.99984640000002
1396428600,79.99984640000002
1396428900,79.99984640000002
1396429200,79.99996928
1396429500,79.99996928
1396429800,79.99996928
1396430100,79.99996928
1396430400,79.99996928
1396430700,79.99996928
1396431000,79.99996928
1396431300,79.99996928
1396431600,79.99996928
1396431900,79.99996928
1396432200,79.99996928
1396432500,79.99996928
1396432800,31.999993856
1396433100,31.999993856
1396433400,31.999993856
1396433700,31.999993856
1396434000,31.999993856
1396434300,31.999993856
1396434600,31.999993856
1396434900,31.999993856
1396435200,31.999993856
1396435500,31.999993856
1396435800,31.999993856
1396436100,31.999993856
1396436400,22.3999987712
1396436700,22.3999987712
1396437000,22.3999987712
1396437300,22.3999987712
1396437600,22.3999987712
1396437900,22.3999987712
1396438200,22.3999987712
1396438500,22.3999987712
1396438800,22.3999987712
1396439100,22.3999987712
1396439400,22.3999987712
1396439700,22.3999987712
1396440000,20.4799997542
1396440300,20.4799997542
1396440600,20.4799997542
1396440900,20.4799997542
1396441200,20.4799997542
1396441500,20.4799997542
1396441800,20.4799997542
1396442100,20.4799997542
1396442400,20.4799997542
1396442700,20.4799997542
1396443000,20.4799997542
1396443300,20.4799997542
1396443600,20.0959999508
1396443900,20.0959999508
1396444200,20.0959999508
1396444500,20.0959999508
1396444800,20.0959999508
1396445100,20.0959999508
1396445400,20.0959999508
1396445700,20.0959999508
1396446000,20.0959999508
1396446300,20.0959999508
1396446600,20.0959999508
1396446900,20.0959999508
1396447200,20.0191999902
1396447500,20.0191999902
1396447800,20.0191999902
1396448100,20.0191999902
1396448400,20.0191999902
1396448700,20.0191999902
1396449000,20.0191999902
1396449300,20.0191999902
1396449600,20.0191999902
1396449900,20.0191999902
1396450200,20.0191999902
1396450500,20.0191999902
1396450800,20.003839998
1396451100,20.003839998
1396451400,20.003839998
1396451700,20.003839998
1396452000,20.003839998
1396452300,20.003839998
1396452600,20.003839998
1396452900,20.003839998
1396453200,20.003839998
1396453500,20.003839998
1396453800,20.003839998
1396454100,20.003839998
1396454400,20.0
1396454700,20.0
1396455000,20.0
1396455300,20.0
1396455600,20.0
1396455900,20.0
1396456200,20.0
1396456500,20.0
1396456800,20.0
1396457100,20.0
1396457400,20.0
1396457700,20.0
1396458000,20.0
1396458300,20.0
1396458600,20.0
1396458900,20.0
1396459200,20.0
1396459500,20.0
1396459800,20.0
1396460100,20.0
1396460400,20.0
1396460700,20.0
1396461000,20.0
1396461300,20.0
1396461600,20.0
1396461900,20.0
1396462200,20.0
1396462500,20.0
1396462800,20.0
1396463100,20.0
1396463400,20.0
1396463700,20.0
1396464000,20.0
1396464300,20.0
1396464600,20.0
1396464900,20.0
1396465200,20.0
1396465500,20.0
1396465800,20.0
1396466100,20.0
1396466400,20.0
1396466700,20.0
1396467000,20.0
1396467300,20.0
1396467600,20.0
1396467900,20.0
1396468200,20.0
1396468500,20.0
1396468800,20.0
1396469100,20.0
1396469400,20.0
1396469700,20.0
1396470000,20.0
1396470300,20.0
1396470600,20.0
1396470900,20.0
1396471200,20.0
1396471500,20.0
1396471800,20.0
1396472100,20.0
1396472400,20.0
1396472700,20.0
1396473000,20.0
1396473300,20.0
1396473600,20.0
1396473900,20.0
1396474200,20.0
1396474500,20.0
1396474800,20.0
1396475100,20.0
1396475400,20.0
1396475700,20.0
1396476000,20.0
1396476300,20.0
1396476600,20.0
1396476900,20.0
1396477200,20.0
1396477500,20.0
1396477800,20.0
1396478100,20.0
1396478400,20.0
1396478700,20.0
1396479000,20.0
1396479300,20.0
1396479600,20.0
1396479900,20.0
1396480200,20.0
1396480500,20.0
1396480800,20.0
1396481100,20.0
1396481400,20.0
1396481700,20.0
1396482000,20.0
1396482300,20.0
1396482600,20.0
1396482900,20.0
1396483200,20.0
1396483500,20.0
1396483800,20.0
1396484100,20.0
1396484400,20.0
1396484700,20.0
1396485000,20.0
1396485300,20.0
1396485600,20.0
1396485900,20.0
1396486200,20.0
1396486500,20.0
1396486800,68.0
1396487100,68.0
1396487400,68.0
1396487700,68.0
1396488000,68.0
1396488300,68.0
1396488600,68.0
1396488900,68.0
1396489200,68.0
1396489500,68.0
1396489800,68.0
1396490100,68.0
1396490400,77.6
1396490700,77.6
1396491000,77.6
1396491300,77.6
1396491600,77.6
1396491900,77.6
1396492200,77.6
1396492500,77.6
1396492800,77.6
1396493100,77.6
1396493400,77.6
1396493700,77.6
1396494000,79.52
1396494300,79.52
1396494600,79.52
1396494900,79.52
1396495200,79.52
1396495500,79.52
1396495800,79.52
1396496100,79.52
1396496400,79.52
1396496700,79.52
1396497000,79.52
1396497300,79.52
1396497600,79.904
1396497900,79.904
1396498200,79.904
1396498500,79.904
1396498800,79.904
1396499100,79.904
1396499400,79.904
1396499700,79.904
1396500000,79.904
1396500300,79.904
1396500600,79.904
1396500900,79.904
1396501200,79.9808
1396501500,79.9808
1396501800,79.9808
1396502100,79.9808
1396502400,79.9808
1396502700,79.9808
1396503000,79.9808
1396503300,79.9808
1396503600,79.9808
1396503900,79.9808
1396504200,79.9808
1396504500,79.9808
1396504800,79.99616
1396505100,79.99616
1396505400,79.99616
1396505700,79.99616
1396506000,79.99616
1396506300,79.99616
1396506600,79.99616
1396506900,79.99616
1396507200,79.99616
1396507500,79.99616
1396507800,79.99616
1396508100,79.99616
1396508400,79.99923199999998
1396508700,79.99923199999998
1396509000,79.99923199999998
1396509300,79.99923199999998
1396509600,79.99923199999998
1396509900,79.99923199999998
1396510200,79.99923199999998
1396510500,79.99923199999998
1396510800,79.99923199999998
1396511100,79.99923199999998
1396511400,79.99923199999998
1396511700,79.99923199999998
1396512000,79.99984640000002
1396512300,79.99984640000002
1396512600,79.99984640000002
1396512900,79.99984640000002
1396513200,79.99984640000002
1396513500,79.99984640000002
1396513800,79.99984640000002
1396514100,79.99984640000002
1396514400,79.99984640000002
1396514700,79.99984640000002
1396515000,79.99984640000002
1396515300,79.99984640000002
1396515600,79.99996928
1396515900,79.99996928
1396516200,79.99996928
1396516500,79.99996928
1396516800,79.99996928
1396517100,79.99996928
1396517400,79.99996928
1396517700,79.99996928
1396518000,79.99996928
1396518300,79.99996928
1396518600,79.99996928
1396518900,79.99996928
1396519200,31.999993856
1396519500,31.999993856
1396519800,31.999993856
1396520100,31.999993856
1396520400,31.999993856
1396520700,31.999993856
1396521000,31.999993856
1396521300,31.999993856
1396521600,31.999993856
1396521900,31.999993856
1396522200,31.999993856
1396522500,31.999993856
1396522800,22.3999987712
1396523100,22.3999987712
1396523400,22.3999987712
1396523700,22.3999987712
1396524000,22.3999987712
1396524300,22.3999987712
1396524600,22.3999987712
1396524900,22.3999987712
1396525200,22.3999987712
1396525500,22.3999987712
1396525800,22.3999987712
1396526100,22.3999987712
1396526400,20.4799997542
1396526700,20.4799997542
1396527000,20.4799997542
1396527300,20.4799997542
1396527600,20.4799997542
1396527900,20.4799997542
1396528200,20.4799997542
1396528500,20.4799997542
1396528800,20.4799997542
1396529100,20.4799997542
1396529400,20.4799997542
1396529700,20.4799997542
1396530000,20.0959999508
1396530300,20.0959999508
1396530600,20.0959999508
1396530900,20.0959999508
1396531200,20.0959999508
1396531500,20.0959999508
1396531800,20.0959999508
1396532100,20.0959999508
1396532400,20.0959999508
1396532700,20.0959999508
1396533000,20.0959999508
1396533300,20.0959999508
1396533600,20.0191999902
1396533900,20.0191999902
1396534200,20.0191999902
1396534500,20.0191999902
1396534800,20.0191999902
1396535100,20.0191999902
1396535400,20.0191999902
1396535700,20.0191999902
1396536000,20.0191999902
1396536300,20.0191999902
1396536600,20.0191999902
1396536900,20.0191999902
1396537200,20.003839998
1396537500,20.003839998
1396537800,20.003839998
1396538100,20.003839998
1396538400,20.003839998
1396538700,20.003839998
1396539000,20.003839998
1396539300,20.003839998
1396539600,20.003839998
1396539900,20.003839998
1396540200,20.003839998
1396540500,20.003839998
1396540800,20.0
1396541100,20.0
1396541400,20.0
1396541700,20.0
1396542000,20.0
1396542300,20.0
1396542600,20.0
1396542900,20.0
1396543200,20.0
1396543500,20.0
1396543800,20.0
1396544100,20.0
1396544400,20.0
1396544700,20.0
1396545000,20.0
1396545300,20.0
1396545600,20.0
1396545900,20.0
1396546200,20.0
1396546500,20.0
1396546800,20.0
1396547100,20.0
1396547400,20.0
1396547700,20.0
1396548000,20.0
1396548300,20.0
1396548600,20.0
1396548900,20.0
1396549200,20.0
1396549500,20.0
1396549800,20.0
1396550100,20.0
1396550400,20.0
1396550700,20.0
1396551000,20.0
1396551300,20.0
1396551600,20.0
1396551900,20.0
1396552200,20.0
1396552500,20.0
1396552800,20.0
1396553100,20.0
1396553400,20.0
1396553700,20.0
1396554000,20.0
1396554300,20.0
1396554600,20.0
1396554900,20.0
1396555200,20.0
1396555500,20.0
1396555800,20.0
1396556100,20.0
1396556400,20.0
1396556700,20.0
1396557000,20.0
1396557300,20.0
1396557600,20.0
1396557900,20.0
1396558200,20.0
1396558500,20.0
1396558800,20.0
1396559100,20.0
1396559400,20.0
1396559700,20.0
1396560000,20.0
1396560300,20.0
1396560600,20.0
1396560900,20.0
1396561200,20.0
1396561500,20.0
1396561800,20.0
1396562100,20.0
1396562400,20.0
1396562700,20.0
1396563000,20.0
1396563300,20.0
1396563600,20.0
1396563900,20.0
1396564200,20.0
1396564500,20.0
1396564800,20.0
1396565100,20.0
1396565400,20.0
1396565700,20.0
1396566000,20.0
1396566300,20.0
1396566600,20.0
1396566900,20.0
1396567200,20.0
1396567500,20.0
1396567800,20.0
1396568100,20.0
1396568400,20.0
1396568700,20.0
1396569000,20.0
1396569300,20.0
1396569600,20.0
1396569900,20.0
1396570200,20.0
1396570500,20.0
1396570800,20.0
1396571100,20.0
1396571400,20.0
1396571700,20.0
1396572000,20.0
1396572300,20.0
1396572600,20.0
1396572900,20.0
1396573200,68.0
1396573500,68.0
1396573800,68.0
1396574100,68.0
1396574400,68.0
1396574700,68.0
1396575000,68.0
1396575300,68.0
1396575600,68.0
1396575900,68.0
1396576200,68.0
1396576500,68.0
1396576800,77.6
1396577100,77.6
1396577400,77.6
1396577700,77.6
1396578000,77.6
1396578300,77.6
1396578600,77.6
1396578900,77.6
1396579200,77.6
1396579500,77.6
1396579800,77.6
1396580100,77.6
1396580400,79.52
1396580700,79.52
1396581000,79.52
1396581300,79.52
1396581600,79.52
1396581900,79.52
1396582200,79.52
1396582500,79.52
1396582800,79.52
1396583100,79.52
1396583400,79.52
1396583700,79.52
1396584000,79.904
1396584300,79.904
1396584600,79.904
1396584900,79.904
1396585200,79.904
1396585500,79.904
1396585800,79.904
1396586100,79.904
1396586400,79.904
1396586700,79.904
1396587000,79.904
1396587300,79.904
1396587600,79.9808
1396587900,79.9808
1396588200,79.9808
1396588500,79.9808
1396588800,79.9808
1396589100,79.9808
1396589400,79.9808
1396589700,79.9808
1396590000,79.9808
1396590300,79.9808
1396590600,79.9808
1396590900,79.9808
1396591200,79.99616
1396591500,79.99616
1396591800,79.99616
1396592100,79.99616
1396592400,79.99616
1396592700,79.99616
1396593000,79.99616
1396593300,79.99616
1396593600,79.99616
1396593900,79.99616
1396594200,79.99616
1396594500,79.99616
1396594800,79.99923199999998
1396595100,79.99923199999998
1396595400,79.99923199999998
1396595700,79.99923199999998
1396596000,79.99923199999998
1396596300,79.99923199999998
1396596600,79.99923199999998
1396596900,79.99923199999998
1396597200,79.99923199999998
1396597500,79.99923199999998
1396597800,79.99923199999998
1396598100,79.99923199999998
1396598400,79.99984640000002
1396598700,79.99984640000002
1396599000,79.99984640000002
1396599300,79.99984640000002
1396599600,79.99984640000002
1396599900,79.99984640000002
1396600200,79.99984640000002
1396600500,79.99984640000002
1396600800,79.99984640000002
1396601100,79.99984640000002
1396601400,79.99984640000002
1396601700,79.99984640000002
1396602000,79.99996928
1396602300,79.99996928
1396602600,79.99996928
1396602900,79.99996928
1396603200,79.99996928
1396603500,79.99996928
1396603800,79.99996928
1396604100,79.99996928
1396604400,79.99996928
1396604700,79.99996928
1396605000,79.99996928
1396605300,79.99996928
1396605600,31.999993856
1396605900,31.999993856
1396606200,31.999993856
1396606500,31.999993856
1396606800,31.999993856
1396607100,31.999993856
1396607400,31.999993856
1396607700,31.999993856
1396608000,31.999993856
1396608300,31.999993856
1396608600,31.999993856
1396608900,31.999993856
1396609200,22.3999987712
1396609500,22.3999987712
1396609800,22.3999987712
1396610100,22.3999987712
1396610400,22.3999987712
1396610700,22.3999987712
1396611000,22.3999987712
1396611300,22.3999987712
1396611600,22.3999987712
1396611900,22.3999987712
1396612200,22.3999987712
1396612500,22.3999987712
1396612800,20.4799997542
1396613100,20.4799997542
1396613400,20.4799997542
1396613700,20.4799997542
1396614000,20.4799997542
1396614300,20.4799997542
1396614600,20.4799997542
1396614900,20.4799997542
1396615200,20.4799997542
1396615500,20.4799997542
1396615800,20.4799997542
1396616100,20.4799997542
1396616400,20.0959999508
1396616700,20.0959999508
1396617000,20.0959999508
1396617300,20.0959999508
1396617600,20.0959999508
1396617900,20.0959999508
1396618200,20.0959999508
1396618500,20.0959999508
1396618800,20.0959999508
1396619100,20.0959999508
1396619400,20.0959999508
1396619700,20.0959999508
1396620000,20.0191999902
1396620300,20.0191999902
1396620600,20.0191999902
1396620900,20.0191999902
1396621200,20.0191999902
1396621500,20.0191999902
1396621800,20.0191999902
1396622100,20.0191999902
1396622400,20.0191999902
1396622700,20.0191999902
1396623000,20.0191999902
1396623300,20.0191999902
1396623600,20.003839998
1396623900,20.003839998
1396624200,20.003839998
1396624500,20.003839998
1396624800,20.003839998
1396625100,20.003839998
1396625400,20.003839998
1396625700,20.003839998
1396626000,20.003839998
1396626300,20.003839998
1396626600,20.003839998
1396626900,20.003839998
1396627200,20.0
1396627500,20.0
1396627800,20.0
1396628100,20.0
1396628400,20.0
1396628700,20.0
1396629000,20.0
1396629300,20.0
1396629600,20.0
1396629900,20.0
1396630200,20.0
1396630500,20.0
1396630800,20.0
1396631100,20.0
1396631400,20.0
1396631700,20.0
1396632000,20.0
1396632300,20.0
1396632600,20.0
1396632900,20.0
1396633200,20.0
1396633500,20.0
1396633800,20.0
1396634100,20.0
1396634400,20.0
1396634700,20.0
1396635000,20.0
1396635300,20.0
1396635600,20.0
1396635900,20.0
1396636200,20.0
1396636500,20.0
1396636800,20.0
1396637100,20.0
1396637400,20.0
1396637700,20.0
1396638000,20.0
1396638300,20.0
1396638600,20.0
1396638900,20.0
1396639200,20.0
1396639500,20.0
1396639800,20.0
1396640100,20.0
1396640400,20.0
1396640700,20.0
1396641000,20.0
1396641300,20.0
1396641600,20.0
1396641900,20.0
1396642200,20.0
1396642500,20.0
1396642800,20.0
1396643100,20.0
1396643400,20.0
1396643700,20.0
1396644000,20.0
1396644300,20.0
1396644600,20.0
1396644900,20.0
1396645200,20.0
1396645500,20.0
1396645800,20.0
1396646100,20.0
1396646400,20.0
1396646700,20.0
1396647000,20.0
1396647300,20.0
1396647600,20.0
1396647900,20.0
1396648200,20.0
1396648500,20.0
1396648800,20.0
1396649100,20.0
1396649400,20.0
1396649700,20.0
1396650000,20.0
1396650300,20.0
1396650600,20.0
1396650900,20.0
1396651200,20.0
1396651500,20.0
1396651800,20.0
1396652100,20.0
1396652400,20.0
1396652700,20.0
1396653000,20.0
1396653300,20.0
1396653600,20.0
1396653900,20.0
1396654200,20.0
1396654500,20.0
1396654800,20.0
1396655100,20.0
1396655400,20.0
1396655700,20.0
1396656000,20.0
1396656300,20.0
1396656600,20.0
1396656900,20.0
1396657200,20.0
1396657500,20.0
1396657800,20.0
1396658100,20.0
1396658400,20.0
1396658700,20.0
1396659000,20.0
1396659300,20.0
1396659600,68.0
1396659900,68.0
1396660200,68.0
1396660500,68.0
1396660800,68.0
1396661100,68.0
1396661400,68.0
1396661700,68.0
1396662000,68.0
1396662300,68.0
1396662600,68.0
1396662900,68.0
1396663200,77.6
1396663500,77.6
1396663800,77.6
1396664100,77.6
1396664400,77.6
1396664700,77.6
1396665000,77.6
1396665300,77.6
1396665600,77.6
1396665900,77.6
1396666200,77.6
1396666500,77.6
1396666800,79.52
1396667100,79.52
1396667400,79.52
1396667700,79.52
1396668000,79.52
1396668300,79.52
1396668600,79.52
1396668900,79.52
1396669200,79.52
1396669500,79.52
1396669800,79.52
1396670100,79.52
1396670400,79.904
1396670700,79.904
1396671000,79.904
1396671300,79.904
1396671600,79.904
1396671900,79.904
1396672200,79.904
1396672500,79.904
1396672800,79.904
1396673100,79.904
1396673400,79.904
1396673700,79.904
1396674000,79.9808
1396674300,79.9808
1396674600,79.9808
1396674900,79.9808
1396675200,79.9808
1396675500,79.9808
1396675800,79.9808
1396676100,79.9808
1396676400,79.9808
1396676700,79.9808
1396677000,79.9808
1396677300,79.9808
1396677600,79.99616
1396677900,79.99616
1396678200,79.99616
1396678500,79.99616
1396678800,79.99616
1396679100,79.99616
1396679400,79.99616
1396679700,79.99616
1396680000,79.99616
1396680300,79.99616
1396680600,79.99616
1396680900,79.99616
1396681200,79.99923199999998
1396681500,79.99923199999998
1396681800,79.99923199999998
1396682100,79.99923199999998
1396682400,79.99923199999998
1396682700,79.99923199999998
1396683000,79.99923199999998
1396683300,79.99923199999998
1396683600,79.99923199999998
1396683900,79.99923199999998
1396684200,79.99923199999998
1396684500,79.99923199999998
1396684800,79.99984640000002
1396685100,79.99984640000002
1396685400,79.99984640000002
1396685700,79.99984640000002
1396686000,79.99984640000002
1396686300,79.99984640000002
1396686600,79.99984640000002
1396686900,79.99984640000002
1396687200,79.99984640000002
1396687500,79.99984640000002
1396687800,79.99984640000002
1396688100,79.99984640000002
1396688400,79.99996928
1396688700,79.99996928
1396689000,79.99996928
1396689300,79.99996928
1396689600,79.99996928
1396689900,79.99996928
1396690200,79.99996928
1396690500,79.99996928
1396690800,79.99996928
1396691100,79.99996928
1396691400,79.99996928
1396691700,79.99996928
1396692000,31.999993856
1396692300,31.999993856
1396692600,31.999993856
1396692900,31.999993856
1396693200,31.999993856
1396693500,31.999993856
1396693800,31.999993856
1396694100,31.999993856
1396694400,31.999993856
1396694700,31.999993856
1396695000,31.999993856
1396695300,31.999993856
1396695600,22.3999987712
1396695900,22.3999987712
1396696200,22.3999987712
1396696500,22.3999987712
1396696800,22.3999987712
1396697100,22.3999987712
1396697400,22.3999987712
1396697700,22.3999987712
1396698000,22.3999987712
1396698300,22.3999987712
1396698600,22.3999987712
1396698900,22.3999987712
1396699200,20.4799997542
1396699500,20.4799997542
1396699800,20.4799997542
1396700100,20.4799997542
1396700400,20.4799997542
1396700700,20.4799997542
1396701000,20.4799997542
1396701300,20.4799997542
1396701600,20.4799997542
1396701900,20.4799997542
1396702200,20.4799997542
1396702500,20.4799997542
1396702800,20.0959999508
1396703100,20.0959999508
1396703400,20.0959999508
1396703700,20.0959999508
1396704000,20.0959999508
1396704300,20.0959999508
1396704600,20.0959999508
1396704900,20.0959999508
1396705200,20.0959999508
1396705500,20.0959999508
1396705800,20.0959999508
1396706100,20.0959999508
1396706400,20.0191999902
1396706700,20.0191999902
1396707000,20.0191999902
1396707300,20.0191999902
1396707600,20.0191999902
1396707900,20.0191999902
1396708200,20.0191999902
1396708500,20.0191999902
1396708800,20.0191999902
1396709100,20.0191999902
1396709400,20.0191999902
1396709700,20.0191999902
1396710000,20.003839998
1396710300,20.003839998
1396710600,20.003839998
1396710900,20.003839998
1396711200,20.003839998
1396711500,20.003839998
1396711800,20.003839998
1396712100,20.003839998
1396712400,20.003839998
1396712700,20.003839998
1396713000,20.003839998
1396713300,20.003839998
1396713600,20.0
1396713900,20.0
1396714200,20.0
1396714500,20.0
1396714800,20.0
1396715100,20.0
1396715400,20.0
1396715700,20.0
1396716000,20.0
1396716300,20.0
1396716600,20.0
1396716900,20.0
1396717200,20.0
1396717500,20.0
1396717800,20.0
1396718100,20.0
1396718400,20.0
1396718700,20.0
1396719000,20.0
1396719300,20.0
1396719600,20.0
1396719900,20.0
1396720200,20.0
1396720500,20.0
1396720800,20.0
1396721100,20.0
1396721400,20.0
1396721700,20.0
1396722000,20.0
1396722300,20.0
1396722600,20.0
1396722900,20.0
1396723200,20.0
1396723500,20.0
1396723800,20.0
1396724100,20.0
1396724400,20.0
1396724700,20.0
1396725000,20.0
1396725300,20.0
1396725600,20.0
1396725900,20.0
1396726200,20.0
1396726500,20.0
1396726800,20.0
1396727100,20.0
1396727400,20.0
1396727700,20.0
1396728000,20.0
1396728300,20.0
1396728600,20.0
1396728900,20.0
1396729200,20.0
1396729500,20.0
1396729800,20.0
1396730100,20.0
1396730400,20.0
1396730700,20.0
1396731000,20.0
1396731300,20.0
1396731600,20.0
1396731900,20.0
1396732200,20.0
1396732500,20.0
1396732800,20.0
1396733100,20.0
1396733400,20.0
1396733700,20.0
1396734000,20.0
1396734300,20.0
1396734600,20.0
1396734900,20.0
1396735200,20.0
1396735500,20.0
1396735800,20.0
1396736100,20.0
1396736400,20.0
1396736700,20.0
1396737000,20.0
1396737300,20.0
1396737600,20.0
1396737900,20.0
1396738200,20.0
1396738500,20.0
1396738800,20.0
1396739100,20.0
1396739400,20.0
1396739700,20.0
1396740000,20.0
1396740300,20.0
1396740600,20.0
1396740900,20.0
1396741200,20.0
1396741500,20.0
1396741800,20.0
1396742100,20.0
1396742400,20.0
1396742700,20.0
1396743000,20.0
1396743300,20.0
1396743600,20.0
1396743900,20.0
1396744200,20.0
1396744500,20.0
1396744800,20.0
1396745100,20.0
1396745400,20.0
1396745700,20.0
1396746000,68.0
1396746300,68.0
1396746600,68.0
1396746900,68.0
1396747200,68.0
1396747500,68.0
1396747800,68.0
1396748100,68.0
1396748400,68.0
1396748700,68.0
1396749000,68.0
1396749300,68.0
1396749600,77.6
1396749900,77.6
1396750200,77.6
1396750500,77.6
1396750800,77.6
1396751100,77.6
1396751400,77.6
1396751700,77.6
1396752000,77.6
1396752300,77.6
1396752600,77.6
1396752900,77.6
1396753200,79.52
1396753500,79.52
1396753800,79.52
1396754100,79.52
1396754400,79.52
1396754700,79.52
1396755000,79.52
1396755300,79.52
1396755600,79.52
1396755900,79.52
1396756200,79.52
1396756500,79.52
1396756800,79.904
1396757100,79.904
1396757400,79.904
1396757700,79.904
1396758000,79.904
1396758300,79.904
1396758600,79.904
1396758900,79.904
1396759200,79.904
1396759500,79.904
1396759800,79.904
1396760100,79.904
1396760400,79.9808
1396760700,79.9808
1396761000,79.9808
1396761300,79.9808
1396761600,79.9808
1396761900,79.9808
1396762200,79.9808
1396762500,79.9808
1396762800,79.9808
1396763100,79.9808
1396763400,79.9808
1396763700,79.9808
1396764000,79.99616
1396764300,79.99616
1396764600,79.99616
1396764900,79.99616
1396765200,79.99616
1396765500,79.99616
1396765800,79.99616
1396766100,79.99616
1396766400,79.99616
1396766700,79.99616
1396767000,79.99616
1396767300,79.99616
1396767600,79.99923199999998
1396767900,79.99923199999998
1396768200,79.99923199999998
1396768500,79.99923199999998
1396768800,79.99923199999998
1396769100,79.99923199999998
1396769400,79.99923199999998
1396769700,79.99923199999998
1396770000,79.99923199999998
1396770300,79.99923199999998
1396770600,79.99923199999998
1396770900,79.99923199999998
1396771200,79.99984640000002
1396771500,79.99984640000002
1396771800,79.99984640000002
1396772100,79.99984640000002
1396772400,79.99984640000002
1396772700,79.99984640000002
1396773000,79.99984640000002
1396773300,79.99984640000002
1396773600,79.99984640000002
1396773900,79.99984640000002
1396774200,79.99984640000002
1396774500,79.99984640000002
1396774800,79.99996928
1396775100,79.99996928
1396775400,79.99996928
1396775700,79.99996928
1396776000,79.99996928
1396776300,79.99996928
1396776600,79.99996928
1396776900,79.99996928
1396777200,79.99996928
1396777500,79.99996928
1396777800,79.99996928
1396778100,79.99996928
1396778400,31.999993856
1396778700,31.999993856
1396779000,31.999993856
1396779300,31.999993856
1396779600,31.999993856
1396779900,31.999993856
1396780200,31.999993856
1396780500,31.999993856
1396780800,31.999993856
1396781100,31.999993856
1396781400,31.999993856
1396781700,31.999993856
1396782000,22.3999987712
1396782300,22.3999987712
1396782600,22.3999987712
1396782900,22.3999987712
1396783200,22.3999987712
1396783500,22.3999987712
1396783800,22.3999987712
1396784100,22.3999987712
1396784400,22.3999987712
1396784700,22.3999987712
1396785000,22.3999987712
1396785300,22.3999987712
1396785600,20.4799997542
1396785900,20.4799997542
1396786200,20.4799997542
1396786500,20.4799997542
1396786800,20.4799997542
1396787100,20.4799997542
1396787400,20.4799997542
1396787700,20.4799997542
1396788000,20.4799997542
1396788300,20.4799997542
1396788600,20.4799997542
1396788900,20.4799997542
1396789200,20.0959999508
1396789500,20.0959999508
1396789800,20.0959999508
1396790100,20.0959999508
1396790400,20.0959999508
1396790700,20.0959999508
1396791000,20.0959999508
1396791300,20.0959999508
1396791600,20.0959999508
1396791900,20.0959999508
1396792200,20.0959999508
1396792500,20.0959999508
1396792800,20.0191999902
1396793100,20.0191999902
1396793400,20.0191999902
1396793700,20.0191999902
1396794000,20.0191999902
1396794300,20.0191999902
1396794600,20.0191999902
1396794900,20.0191999902
1396795200,20.0191999902
1396795500,20.0191999902
1396795800,20.0191999902
1396796100,20.0191999902
1396796400,20.003839998
1396796700,20.003839998
1396797000,20.003839998
1396797300,20.003839998
1396797600,20.003839998
1396797900,20.003839998
1396798200,20.003839998
1396798500,20.003839998
1396798800,20.003839998
1396799100,20.003839998
1396799400,20.003839998
1396799700,20.003839998
1396800000,20.0
1396800300,20.0
1396800600,20.0
1396800900,20.0
1396801200,20.0
1396801500,20.0
1396801800,20.0
1396802100,20.0
1396802400,20.0
1396802700,20.0
1396803000,20.0
1396803300,20.0
1396803600,20.0
1396803900,20.0
1396804200,20.0
1396804500,20.0
1396804800,20.0
1396805100,20.0
1396805400,20.0
1396805700,20.0
1396806000,20.0
1396806300,20.0
1396806600,20.0
1396806900,20.0
1396807200,20.0
1396807500,20.0
1396807800,20.0
1396808100,20.0
1396808400,20.0
1396808700,20.0
1396809000,20.0
1396809300,20.0
1396809600,20.0
1396809900,20.0
1396810200,20.0
1396810500,20.0
1396810800,20.0
1396811100,20.0
1396811400,20.0
1396811700,20.0
1396812000,20.0
1396812300,20.0
1396812600,20.0
1396812900,20.0
1396813200,20.0
1396813500,20.0
1396813800,20.0
1396814100,20.0
1396814400,20.0
1396814700,20.0
1396815000,20.0
1396815300,20.0
1396815600,20.0
1396815900,20.0
1396816200,20.0
1396816500,20.0
1396816800,20.0
1396817100,20.0
1396817400,20.0
1396817700,20.0
1396818000,20.0
1396818300,20.0
1396818600,20.0
1396818900,20.0
1396819200,20.0
1396819500,20.0
1396819800,20.0
1396820100,20.0
1396820400,20.0
1396820700,20.0
1396821000,20.0
1396821300,20.0
1396821600,20.0
1396821900,20.0
1396822200,20.0
1396822500,20.0
1396822800,20.0
1396823100,20.0
1396823400,20.0
1396823700,20.0
1396824000,20.0
1396824300,20.0
1396824600,20.0
1396824900,20.0
1396825200,20.0
1396825500,20.0
1396825800,20.0
1396826100,20.0
1396826400,20.0
1396826700,20.0
1396827000,20.0
1396827300,20.0
1396827600,20.0
1396827900,20.0
1396828200,20.0
1396828500,20.0
1396828800,20.0
1396829100,20.0
1396829400,20.0
1396829700,20.0
1396830000,20.0
1396830300,20.0
1396830600,20.0
1396830900,20.0
1396831200,20.0
1396831500,20.0
1396831800,20.0
1396832100,20.0
1396832400,68.0
1396832700,68.0
1396833000,68.0
1396833300,68.0
1396833600,68.0
1396833900,68.0
1396834200,68.0
1396834500,68.0
1396834800,68.0
1396835100,68.0
1396835400,68.0
1396835700,68.0
1396836000,77.6
1396836300,77.6
1396836600,77.6
1396836900,77.6
1396837200,77.6
1396837500,77.6
1396837800,77.6
1396838100,77.6
1396838400,77.6
1396838700,77.6
1396839000,77.6
1396839300,77.6
1396839600,79.52
1396839900,79.52
1396840200,79.52
1396840500,79.52
1396840800,79.52
1396841100,79.52
1396841400,79.52
1396841700,79.52
1396842000,79.52
1396842300,79.52
1396842600,79.52
1396842900,79.52
1396843200,79.904
1396843500,79.904
1396843800,79.904
1396844100,79.904
1396844400,79.904
1396844700,79.904
1396845000,79.904
1396845300,79.904
1396845600,79.904
1396845900,79.904
1396846200,79.904
1396846500,79.904
1396846800,79.9808
1396847100,79.9808
1396847400,79.9808
1396847700,79.9808
1396848000,79.9808
1396848300,79.9808
1396848600,79.9808
1396848900,79.9808
1396849200,79.9808
1396849500,79.9808
1396849800,79.9808
1396850100,79.9808
1396850400,79.99616
1396850700,79.99616
1396851000,79.99616
1396851300,79.99616
1396851600,79.99616
1396851900,79.99616
1396852200,79.99616
1396852500,79.99616
1396852800,79.99616
1396853100,79.99616
1396853400,79.99616
1396853700,79.99616
1396854000,79.99923199999998
1396854300,79.99923199999998
1396854600,79.99923199999998
1396854900,79.99923199999998
1396855200,79.99923199999998
1396855500,79.99923199999998
1396855800,79.99923199999998
1396856100,79.99923199999998
1396856400,79.99923199999998
1396856700,79.99923199999998
1396857000,79.99923199999998
1396857300,79.99923199999998
1396857600,79.99984640000002
1396857900,79.99984640000002
1396858200,79.99984640000002
1396858500,79.99984640000002
1396858800,79.99984640000002
1396859100,79.99984640000002
1396859400,79.99984640000002
1396859700,79.99984640000002
1396860000,79.99984640000002
1396860300,79.99984640000002
1396860600,79.99984640000002
1396860900,79.99984640000002
1396861200,79.99996928
1396861500,79.99996928
1396861800,79.99996928
1396862100,79.99996928
1396862400,79.99996928
1396862700,79.99996928
1396863000,79.99996928
1396863300,79.99996928
1396863600,79.99996928
1396863900,79.99996928
1396864200,79.99996928
1396864500,79.99996928
1396864800,31.999993856
1396865100,31.999993856
1396865400,31.999993856
1396865700,31.999993856
1396866000,31.999993856
1396866300,31.999993856
1396866600,31.999993856
1396866900,31.999993856
1396867200,31.999993856
1396867500,31.999993856
1396867800,31.999993856
1396868100,31.999993856
1396868400,22.3999987712
1396868700,22.3999987712
1396869000,22.3999987712
1396869300,22.3999987712
1396869600,22.3999987712
1396869900,22.3999987712
1396870200,22.3999987712
1396870500,22.3999987712
1396870800,22.3999987712
1396871100,22.3999987712
1396871400,22.3999987712
1396871700,22.3999987712
1396872000,20.4799997542
1396872300,20.4799997542
1396872600,20.4799997542
1396872900,20.4799997542
1396873200,20.4799997542
1396873500,20.4799997542
1396873800,20.4799997542
1396874100,20.4799997542
1396874400,20.4799997542
1396874700,20.4799997542
1396875000,20.4799997542
1396875300,20.4799997542
1396875600,20.0959999508
1396875900,20.0959999508
1396876200,20.0959999508
1396876500,20.0959999508
1396876800,20.0959999508
1396877100,20.0959999508
1396877400,20.0959999508
1396877700,20.0959999508
1396878000,20.0959999508
1396878300,20.0959999508
1396878600,20.0959999508
1396878900,20.0959999508
1396879200,20.0191999902
1396879500,20.0191999902
1396879800,20.0191999902
1396880100,20.0191999902
1396880400,20.0191999902
1396880700,20.0191999902
1396881000,20.0191999902
1396881300,20.0191999902
1396881600,20.0191999902
1396881900,20.0191999902
1396882200,20.0191999902
1396882500,20.0191999902
1396882800,20.003839998
1396883100,20.003839998
1396883400,20.003839998
1396883700,20.003839998
1396884000,20.003839998
1396884300,20.003839998
1396884600,20.003839998
1396884900,20.003839998
1396885200,20.003839998
1396885500,20.003839998
1396885800,20.003839998
1396886100,20.003839998
1396886400,20.0
1396886700,20.0
1396887000,20.0
1396887300,20.0
1396887600,20.0
1396887900,20.0
1396888200,20.0
1396888500,20.0
1396888800,20.0
1396889100,20.0
1396889400,20.0
1396889700,20.0
1396890000,20.0
1396890300,20.0
1396890600,20.0
1396890900,20.0
1396891200,20.0
1396891500,20.0
1396891800,20.0
1396892100,20.0
1396892400,20.0
1396892700,20.0
1396893000,20.0
1396893300,20.0
1396893600,20.0
1396893900,20.0
1396894200,20.0
1396894500,20.0
1396894800,20.0
1396895100,20.0
1396895400,20.0
1396895700,20.0
1396896000,20.0
1396896300,20.0
1396896600,20.0
1396896900,20.0
1396897200,20.0
1396897500,20.0
1396897800,20.0
1396898100,20.0
1396898400,20.0
1396898700,20.0
1396899000,20.0
1396899300,20.0
1396899600,20.0
1396899900,20.0
1396900200,20.0
1396900500,20.0
1396900800,20.0
1396901100,20.0
1396901400,20.0
1396901700,20.0
1396902000,20.0
1396902300,20.0
1396902600,20.0
1396902900,20.0
1396903200,20.0
1396903500,20.0
1396903800,20.0
1396904100,20.0
1396904400,20.0
1396904700,20.0
1396905000,20.0
1396905300,20.0
1396905600,20.0
1396905900,20.0
1396906200,20.0
1396906500,20.0
1396906800,20.0
1396907100,20.0
1396907400,20.0
1396907700,20.0
1396908000,20.0
1396908300,20.0
1396908600,20.0
1396908900,20.0
1396909200,20.0
1396909500,20.0
1396909800,20.0
1396910100,20.0
1396910400,20.0
1396910700,20.0
1396911000,20.0
1396911300,20.0
1396911600,20.0
1396911900,20.0
1396912200,20.0
1396912500,20.0
1396912800,20.0
1396913100,20.0
1396913400,20.0
1396913700,20.0
1396914000,20.0
1396914300,20.0
1396914600,20.0
1396914900,20.0
1396915200,20.0
1396915500,20.0
1396915800,20.0
1396916100,20.0
1396916400,20.0
1396916700,20.0
1396917000,20.0
1396917300,20.0
1396917600,20.0
1396917900,20.0
1396918200,20.0
1396918500,20.0
1396918800,68.0
1396919100,68.0
1396919400,68.0
1396919700,68.0
1396920000,68.0
1396920300,68.0
1396920600,68.0
1396920900,68.0
1396921200,68.0
1396921500,68.0
1396921800,68.0
1396922100,68.0
1396922400,77.6
1396922700,77.6
1396923000,77.6
1396923300,77.6
1396923600,77.6
1396923900,77.6
1396924200,77.6
1396924500,77.6
1396924800,77.6
1396925100,77.6
1396925400,77.6
1396925700,77.6
1396926000,79.52
1396926300,79.52
1396926600,79.52
1396926900,79.52
1396927200,79.52
1396927500,79.52
1396927800,79.52
1396928100,79.52
1396928400,79.52
1396928700,79.52
1396929000,79.52
1396929300,79.52
1396929600,79.904
1396929900,79.904
1396930200,79.904
1396930500,79.904
1396930800,79.904
1396931100,79.904
1396931400,79.904
1396931700,79.904
1396932000,79.904
1396932300,79.904
1396932600,79.904
1396932900,79.904
1396933200,79.9808
1396933500,79.9808
1396933800,79.9808
1396934100,79.9808
1396934400,79.9808
1396934700,79.9808
1396935000,79.9808
1396935300,79.9808
1396935600,79.9808
1396935900,79.9808
1396936200,79.9808
1396936500,79.9808
1396936800,79.99616
1396937100,79.99616
1396937400,79.99616
1396937700,79.99616
1396938000,79.99616
1396938300,79.99616
1396938600,79.99616
1396938900,79.99616
1396939200,79.99616
1396939500,79.99616
1396939800,79.99616
1396940100,79.99616
1396940400,79.99923199999998
1396940700,79.99923199999998
1396941000,79.99923199999998
1396941300,79.99923199999998
1396941600,79.99923199999998
1396941900,79.99923199999998
1396942200,79.99923199999998
1396942500,79.99923199999998
1396942800,79.99923199999998
1396943100,79.99923199999998
1396943400,79.99923199999998
1396943700,79.99923199999998
1396944000,79.99984640000002
1396944300,79.99984640000002
1396944600,79.99984640000002
1396944900,79.99984640000002
1396945200,79.99984640000002
1396945500,79.99984640000002
1396945800,79.99984640000002
1396946100,79.99984640000002
1396946400,79.99984640000002
1396946700,79.99984640000002
1396947000,79.99984640000002
1396947300,79.99984640000002
1396947600,79.99996928
1396947900,79.99996928
1396948200,79.99996928
1396948500,79.99996928
1396948800,79.99996928
1396949100,79.99996928
1396949400,79.99996928
1396949700,79.99996928
1396950000,79.99996928
1396950300,79.99996928
1396950600,79.99996928
1396950900,79.99996928
1396951200,31.999993856
1396951500,31.999993856
1396951800,31.999993856
1396952100,31.999993856
1396952400,31.999993856
1396952700,31.999993856
1396953000,31.999993856
1396953300,31.999993856
1396953600,31.999993856
1396953900,31.999993856
1396954200,31.999993856
1396954500,31.999993856
1396954800,22.3999987712
1396955100,22.3999987712
1396955400,22.3999987712
1396955700,22.3999987712
1396956000,22.3999987712
1396956300,22.3999987712
1396956600,22.3999987712
1396956900,22.3999987712
1396957200,22.3999987712
1396957500,22.3999987712
1396957800,22.3999987712
1396958100,22.3999987712
1396958400,20.4799997542
1396958700,20.4799997542
1396959000,20.4799997542
1396959300,20.4799997542
1396959600,20.4799997542
1396959900,20.4799997542
1396960200,20.4799997542
1396960500,20.4799997542
1396960800,20.4799997542
1396961100,20.4799997542
1396961400,20.4799997542
1396961700,20.4799997542
1396962000,20.0959999508
1396962300,20.0959999508
1396962600,20.0959999508
1396962900,20.0959999508
1396963200,20.0959999508
1396963500,20.0959999508
1396963800,20.0959999508
1396964100,20.0959999508
1396964400,20.0959999508
1396964700,20.0959999508
1396965000,20.0959999508
1396965300,20.0959999508
1396965600,20.0191999902
1396965900,20.0191999902
1396966200,20.0191999902
1396966500,20.0191999902
1396966800,20.0191999902
1396967100,20.0191999902
1396967400,20.0191999902
1396967700,20.0191999902
1396968000,20.0191999902
1396968300,20.0191999902
1396968600,20.0191999902
1396968900,20.0191999902
1396969200,20.003839998
1396969500,20.003839998
1396969800,20.003839998
1396970100,20.003839998
1396970400,20.003839998
1396970700,20.003839998
1396971000,20.003839998
1396971300,20.003839998
1396971600,20.003839998
1396971900,20.003839998
1396972200,20.003839998
1396972500,20.003839998
1396972800,20.0
1396973100,20.0
1396973400,20.0
1396973700,20.0
1396974000,20.0
1396974300,20.0
1396974600,20.0
1396974900,20.0
1396975200,20.0
1396975500,20.0
1396975800,20.0
1396976100,20.0
1396976400,20.0
1396976700,20.0
1396977000,20.0
1396977300,20.0
1396977600,20.0
1396977900,20.0
1396978200,20.0
1396978500,20.0
1396978800,20.0
1396979100,20.0
1396979400,20.0
1396979700,20.0
1396980000,20.0
1396980300,20.0
1396980600,20.0
1396980900,20.0
1396981200,20.0
1396981500,20.0
1396981800,20.0
1396982100,20.0
1396982400,20.0
1396982700,20.0
1396983000,20.0
1396983300,20.0
1396983600,20.0
1396983900,20.0
1396984200,20.0
1396984500,20.0
1396984800,20.0
1396985100,20.0
1396985400,20.0
1396985700,20.0
1396986000,20.0
1396986300,20.0
1396986600,20.0
1396986900,20.0
1396987200,20.0
1396987500,20.0
1396987800,20.0
1396988100,20.0
1396988400,20.0
1396988700,20.0
1396989000,20.0
1396989300,20.0
1396989600,20.0
1396989900,20.0
1396990200,20.0
1396990500,20.0
1396990800,20.0
1396991100,20.0
1396991400,20.0
1396991700,20.0
1396992000,20.0
1396992300,20.0
1396992600,20.0
1396992900,20.0
1396993200,20.0
1396993500,20.0
1396993800,20.0
1396994100,20.0
1396994400,20.0
1396994700,20.0
1396995000,20.0
1396995300,20.0
1396995600,20.0
1396995900,20.0
1396996200,20.0
1396996500,20.0
1396996800,20.0
1396997100,20.0
1396997400,20.0
1396997700,20.0
1396998000,20.0
1396998300,20.0
1396998600,20.0
1396998900,20.0
1396999200,20.0
1396999500,20.0
1396999800,20.0
1397000100,20.0
1397000400,20.0
1397000700,20.0
1397001000,20.0
1397001300,20.0
1397001600,20.0
1397001900,20.0
1397002200,20.0
1397002500,20.0
1397002800,20.0
1397003100,20.0
1397003400,20.0
1397003700,20.0
1397004000,20.0
1397004300,20.0
1397004600,20.0
1397004900,20.0
1397005200,68.0
1397005500,68.0
1397005800,68.0
1397006100,68.0
1397006400,68.0
1397006700,68.0
1397007000,68.0
1397007300,68.0
1397007600,68.0
1397007900,68.0
1397008200,68.0
1397008500,68.0
1397008800,77.6
1397009100,77.6
1397009400,77.6
1397009700,77.6
1397010000,77.6
1397010300,77.6
1397010600,77.6
1397010900,77.6
1397011200,77.6
1397011500,77.6
1397011800,77.6
1397012100,77.6
1397012400,79.52
1397012700,79.52
1397013000,79.52
1397013300,79.52
1397013600,79.52
1397013900,79.52
1397014200,79.52
1397014500,79.52
1397014800,79.52
1397015100,79.52
1397015400,79.52
1397015700,79.52
1397016000,79.904
1397016300,79.904
1397016600,79.904
1397016900,79.904
1397017200,79.904
1397017500,79.904
1397017800,79.904
1397018100,79.904
1397018400,79.904
1397018700,79.904
1397019000,79.904
1397019300,79.904
1397019600,79.9808
1397019900,79.9808
1397020200,79.9808
1397020500,79.9808
1397020800,79.9808
1397021100,79.9808
1397021400,79.9808
1397021700,79.9808
1397022000,79.9808
1397022300,79.9808
1397022600,79.9808
1397022900,79.9808
1397023200,79.99616
1397023500,79.99616
1397023800,79.99616
1397024100,79.99616
1397024400,79.99616
1397024700,79.99616
1397025000,79.99616
1397025300,79.99616
1397025600,79.99616
1397025900,79.99616
1397026200,79.99616
1397026500,79.99616
1397026800,79.99923199999998
1397027100,79.99923199999998
1397027400,79.99923199999998
1397027700,79.99923199999998
1397028000,79.99923199999998
1397028300,79.99923199999998
1397028600,79.99923199999998
1397028900,79.99923199999998
1397029200,79.99923199999998
1397029500,79.99923199999998
1397029800,79.99923199999998
1397030100,79.99923199999998
1397030400,79.99984640000002
1397030700,79.99984640000002
1397031000,79.99984640000002
1397031300,79.99984640000002
1397031600,79.99984640000002
1397031900,79.99984640000002
1397032200,79.99984640000002
1397032500,79.99984640000002
1397032800,79.99984640000002
1397033100,79.99984640000002
1397033400,79.99984640000002
1397033700,79.99984640000002
1397034000,79.99996928
1397034300,79.99996928
1397034600,79.99996928
1397034900,79.99996928
1397035200,79.99996928
1397035500,79.99996928
1397035800,79.99996928
1397036100,79.99996928
1397036400,79.99996928
1397036700,79.99996928
1397037000,79.99996928
1397037300,79.99996928
1397037600,31.999993856
1397037900,31.999993856
1397038200,31.999993856
1397038500,31.999993856
1397038800,31.999993856
1397039100,31.999993856
1397039400,31.999993856
1397039700,31.999993856
1397040000,31.999993856
1397040300,31.999993856
1397040600,31.999993856
1397040900,31.999993856
1397041200,22.3999987712
1397041500,22.3999987712
1397041800,22.3999987712
1397042100,22.3999987712
1397042400,22.3999987712
1397042700,22.3999987712
1397043000,22.3999987712
1397043300,22.3999987712
1397043600,22.3999987712
1397043900,22.3999987712
1397044200,22.3999987712
1397044500,22.3999987712
1397044800,20.4799997542
1397045100,20.4799997542
1397045400,20.4799997542
1397045700,20.4799997542
1397046000,20.4799997542
1397046300,20.4799997542
1397046600,20.4799997542
1397046900,20.4799997542
1397047200,20.4799997542
1397047500,20.4799997542
1397047800,20.4799997542
1397048100,20.4799997542
1397048400,20.0959999508
1397048700,20.0959999508
1397049000,20.0959999508
1397049300,20.0959999508
1397049600,20.0959999508
1397049900,20.0959999508
1397050200,20.0959999508
1397050500,20.0959999508
1397050800,20.0959999508
1397051100,20.0959999508
1397051400,20.0959999508
1397051700,20.0959999508
1397052000,20.0191999902
1397052300,20.0191999902
1397052600,20.0191999902
1397052900,20.0191999902
1397053200,20.0191999902
1397053500,20.0191999902
1397053800,20.0191999902
1397054100,20.0191999902
1397054400,20.0191999902
1397054700,20.0191999902
1397055000,20.0191999902
1397055300,20.0191999902
1397055600,20.003839998
1397055900,20.003839998
1397056200,20.003839998
1397056500,20.003839998
1397056800,20.003839998
1397057100,20.003839998
1397057400,20.003839998
1397057700,20.003839998
1397058000,20.003839998
1397058300,20.003839998
1397058600,20.003839998
1397058900,20.003839998
1397059200,20.0
1397059500,20.0
1397059800,20.0
1397060100,20.0
1397060400,20.0
1397060700,20.0
1397061000,20.0
1397061300,20.0
1397061600,20.0
1397061900,20.0
1397062200,20.0
1397062500,20.0
1397062800,20.0
1397063100,20.0
1397063400,20.0
1397063700,20.0
1397064000,20.0
1397064300,20.0
1397064600,20.0
1397064900,20.0
1397065200,20.0
1397065500,20.0
1397065800,20.0
1397066100,20.0
1397066400,20.0
1397066700,20.0
1397067000,20.0
1397067300,20.0
1397067600,20.0
1397067900,20.0
1397068200,20.0
1397068500,20.0
1397068800,20.0
1397069100,20.0
1397069400,20.0
1397069700,20.0
1397070000,20.0
1397070300,20.0
1397070600,20.0
1397070900,20.0
1397071200,20.0
1397071500,20.0
1397071800,20.0
1397072100,20.0
1397072400,20.0
1397072700,20.0
1397073000,20.0
1397073300,20.0
1397073600,20.0
1397073900,20.0
1397074200,20.0
1397074500,20.0
1397074800,20.0
1397075100,20.0
1397075400,20.0
1397075700,20.0
1397076000,20.0
1397076300,20.0
1397076600,20.0
1397076900,20.0
1397077200,20.0
1397077500,20.0
1397077800,20.0
1397078100,20.0
1397078400,20.0
1397078700,20.0
1397079000,20.0
1397079300,20.0
1397079600,20.0
1397079900,20.0
1397080200,20.0
1397080500,20.0
1397080800,20.0
1397081100,20.0
1397081400,20.0
1397081700,20.0
1397082000,20.0
1397082300,20.0
1397082600,20.0
1397082900,20.0
1397083200,20.0
1397083500,20.0
1397083800,20.0
1397084100,20.0
1397084400,20.0
1397084700,20.0
1397085000,20.0
1397085300,20.0
1397085600,20.0
1397085900,20.0
1397086200,20.0
1397086500,20.0
1397086800,20.0
1397087100,20.0
1397087400,20.0
1397087700,20.0
1397088000,20.0
1397088300,20.0
1397088600,20.0
1397088900,20.0
1397089200,20.0
1397089500,20.0
1397089800,20.0
1397090100,20.0
1397090400,20.0
1397090700,20.0
1397091000,20.0
1397091300,20.0
1397091600,68.0
1397091900,68.0
1397092200,68.0
1397092500,68.0
1397092800,68.0
1397093100,68.0
1397093400,68.0
1397093700,68.0
1397094000,68.0
1397094300,68.0
1397094600,68.0
1397094900,68.0
1397095200,77.6
1397095500,77.6
1397095800,77.6
1397096100,77.6
1397096400,77.6
1397096700,77.6
1397097000,77.6
1397097300,77.6
1397097600,77.6
1397097900,77.6
1397098200,77.6
1397098500,77.6
1397098800,79.52
1397099100,79.52
1397099400,79.52
1397099700,79.52
1397100000,79.52
1397100300,79.52
1397100600,79.52
1397100900,79.52
1397101200,79.52
1397101500,79.52
1397101800,79.52
1397102100,79.52
1397102400,79.904
1397102700,79.904
1397103000,79.904
1397103300,79.904
1397103600,79.904
1397103900,79.904
1397104200,79.904
1397104500,79.904
1397104800,79.904
1397105100,79.904
1397105400,79.904
1397105700,79.904
1397106000,79.9808
1397106300,79.9808
1397106600,79.9808
1397106900,79.9808
1397107200,79.9808
1397107500,79.9808
1397107800,79.9808
1397108100,79.9808
1397108400,79.9808
1397108700,79.9808
1397109000,79.9808
1397109300,79.9808
1397109600,79.99616
1397109900,79.99616
1397110200,79.99616
1397110500,79.99616
1397110800,79.99616
1397111100,79.99616
1397111400,79.99616
1397111700,79.99616
1397112000,79.99616
1397112300,79.99616
1397112600,79.99616
1397112900,79.99616
1397113200,79.99923199999998
1397113500,79.99923199999998
1397113800,79.99923199999998
1397114100,79.99923199999998
1397114400,79.99923199999998
1397114700,79.99923199999998
1397115000,79.99923199999998
1397115300,79.99923199999998
1397115600,79.99923199999998
1397115900,79.99923199999998
1397116200,79.99923199999998
1397116500,79.99923199999998
1397116800,79.99984640000002
1397117100,79.99984640000002
1397117400,79.99984640000002
1397117700,79.99984640000002
1397118000,79.99984640000002
1397118300,79.99984640000002
1397118600,79.99984640000002
1397118900,79.99984640000002
1397119200,79.99984640000002
1397119500,79.99984640000002
1397119800,79.99984640000002
1397120100,79.99984640000002
1397120400,79.99996928
1397120700,79.99996928
1397121000,79.99996928
1397121300,79.99996928
1397121600,79.99996928
1397121900,79.99996928
1397122200,79.99996928
1397122500,79.99996928
1397122800,79.99996928
1397123100,79.99996928
1397123400,79.99996928
1397123700,79.99996928
1397124000,31.999993856
1397124300,31.999993856
1397124600,31.999993856
1397124900,31.999993856
1397125200,31.999993856
1397125500,31.999993856
1397125800,31.999993856
1397126100,31.999993856
1397126400,31.999993856
1397126700,31.999993856
1397127000,31.999993856
1397127300,31.999993856
1397127600,22.3999987712
1397127900,22.3999987712
1397128200,22.3999987712
1397128500,22.3999987712
1397128800,22.3999987712
1397129100,22.3999987712
1397129400,22.3999987712
1397129700,22.3999987712
1397130000,22.3999987712
1397130300,22.3999987712
1397130600,22.3999987712
1397130900,22.3999987712
1397131200,20.4799997542
1397131500,20.4799997542
1397131800,20.4799997542
1397132100,20.4799997542
1397132400,20.4799997542
1397132700,20.4799997542
1397133000,20.4799997542
1397133300,20.4799997542
1397133600,20.4799997542
1397133900,20.4799997542
1397134200,20.4799997542
1397134500,20.4799997542
1397134800,20.0959999508
1397135100,20.0959999508
1397135400,20.0959999508
1397135700,20.0959999508
1397136000,20.0959999508
1397136300,20.0959999508
1397136600,20.0959999508
1397136900,20.0959999508
1397137200,20.0959999508
1397137500,20.0959999508
1397137800,20.0959999508
1397138100,20.0959999508
1397138400,20.0191999902
1397138700,20.0191999902
1397139000,20.0191999902
1397139300,20.0191999902
1397139600,20.0191999902
1397139900,20.0191999902
1397140200,20.0191999902
1397140500,20.0191999902
1397140800,20.0191999902
1397141100,20.0191999902
1397141400,20.0191999902
1397141700,20.0191999902
1397142000,20.003839998
1397142300,20.003839998
1397142600,20.003839998
1397142900,20.003839998
1397143200,20.003839998
1397143500,20.003839998
1397143800,20.003839998
1397144100,20.003839998
1397144400,20.003839998
1397144700,20.003839998
1397145000,20.003839998
1397145300,20.003839998
1397145600,20.0
1397145900,20.0
1397146200,20.0
1397146500,20.0
1397146800,20.0
1397147100,20.0
1397147400,20.0
1397147700,20.0
1397148000,20.0
1397148300,20.0
1397148600,20.0
1397148900,20.0
1397149200,20.0
1397149500,20.0
1397149800,20.0
1397150100,20.0
1397150400,20.0
1397150700,20.0
1397151000,20.0
1397151300,20.0
1397151600,20.0
1397151900,20.0
1397152200,20.0
1397152500,20.0
1397152800,20.0
1397153100,20.0
1397153400,20.0
1397153700,20.0
1397154000,20.0
1397154300,20.0
1397154600,20.0
1397154900,20.0
1397155200,20.0
1397155500,20.0
1397155800,20.0
1397156100,20.0
1397156400,20.0
1397156700,20.0
1397157000,20.0
1397157300,20.0
1397157600,20.0
1397157900,20.0
1397158200,20.0
1397158500,20.0
1397158800,20.0
1397159100,20.0
1397159400,20.0
1397159700,20.0
1397160000,20.0
1397160300,20.0
1397160600,20.0
1397160900,20.0
1397161200,20.0
1397161500,20.0
1397161800,20.0
1397162100,20.0
1397162400,20.0
1397162700,20.0
1397163000,20.0
1397163300,20.0
1397163600,20.0
1397163900,20.0
1397164200,20.0
1397164500,20.0
1397164800,20.0
1397165100,20.0
1397165400,20.0
1397165700,20.0
1397166000,20.0
1397166300,20.0
1397166600,20.0
1397166900,20.0
1397167200,20.0
1397167500,20.0
1397167800,20.0
1397168100,20.0
1397168400,20.0
1397168700,20.0
1397169000,20.0
1397169300,20.0
1397169600,20.0
1397169900,20.0
1397170200,20.0
1397170500,20.0
1397170800,20.0
1397171100,20.0
1397171400,20.0
1397171700,20.0
1397172000,20.0
1397172300,20.0
1397172600,20.0
1397172900,20.0
1397173200,20.0
1397173500,20.0
1397173800,20.0
1397174100,20.0
1397174400,20.0
1397174700,20.0
1397175000,20.0
1397175300,20.0
1397175600,20.0
1397175900,20.0
1397176200,20.0
1397176500,20.0
1397176800,20.0
1397177100,20.0
1397177400,20.0
1397177700,20.0
1397178000,68.0
1397178300,68.0
1397178600,68.0
1397178900,68.0
1397179200,68.0
1397179500,68.0
1397179800,68.0
1397180100,68.0
1397180400,68.0
1397180700,68.0
1397181000,68.0
1397181300,68.0
1397181600,77.6
1397181900,77.6
1397182200,77.6
1397182500,77.6
1397182800,77.6
1397183100,77.6
1397183400,77.6
1397183700,77.6
1397184000,77.6
1397184300,77.6
1397184600,77.6
1397184900,77.6
1397185200,79.52
1397185500,79.52
1397185800,79.52
1397186100,79.52
1397186400,79.52
1397186700,79.52
1397187000,79.52
1397187300,79.52
1397187600,79.52
1397187900,79.52
1397188200,79.52
1397188500,79.52
1397188800,79.904
1397189100,79.904
1397189400,79.904
1397189700,79.904
1397190000,79.904
1397190300,79.904
1397190600,79.904
1397190900,79.904
1397191200,79.904
1397191500,79.904
1397191800,79.904
1397192100,79.904
1397192400,79.9808
1397192700,79.9808
1397193000,79.9808
1397193300,79.9808
1397193600,79.9808
1397193900,79.9808
1397194200,79.9808
1397194500,79.9808
1397194800,79.9808
1397195100,79.9808
1397195400,79.9808
1397195700,79.9808
1397196000,79.99616
1397196300,79.99616
1397196600,79.99616
1397196900,79.99616
1397197200,79.99616
1397197500,79.99616
1397197800,79.99616
1397198100,79.99616
1397198400,79.99616
1397198700,79.99616
1397199000,79.99616
1397199300,79.99616
1397199600,79.99923199999998
1397199900,79.99923199999998
1397200200,79.99923199999998
1397200500,79.99923199999998
1397200800,79.99923199999998
1397201100,79.99923199999998
1397201400,79.99923199999998
1397201700,79.99923199999998
1397202000,79.99923199999998
1397202300,79.99923199999998
1397202600,79.99923199999998
1397202900,79.99923199999998
1397203200,79.99984640000002
1397203500,79.99984640000002
1397203800,79.99984640000002
1397204100,79.99984640000002
1397204400,79.99984640000002
1397204700,79.99984640000002
1397205000,79.99984640000002
1397205300,79.99984640000002
1397205600,79.99984640000002
1397205900,79.99984640000002
1397206200,79.99984640000002
1397206500,79.99984640000002
1397206800,79.99996928
1397207100,79.99996928
1397207400,79.99996928
1397207700,79.99996928
1397208000,79.99996928
1397208300,79.99996928
1397208600,79.99996928
1397208900,79.99996928
1397209200,79.99996928
1397209500,79.99996928
1397209800,79.99996928
1397210100,79.99996928
1397210400,31.999993856
1397210700,31.999993856
1397211000,31.999993856
1397211300,31.999993856
1397211600,31.999993856
1397211900,31.999993856
1397212200,31.999993856
1397212500,31.999993856
1397212800,31.999993856
1397213100,31.999993856
1397213400,31.999993856
1397213700,31.999993856
1397214000,22.3999987712
1397214300,22.3999987712
1397214600,22.3999987712
1397214900,22.3999987712
1397215200,22.3999987712
1397215500,22.3999987712
1397215800,22.3999987712
1397216100,22.3999987712
1397216400,22.3999987712
1397216700,22.3999987712
1397217000,22.3999987712
1397217300,22.3999987712
1397217600,20.4799997542
1397217900,20.4799997542
1397218200,20.4799997542
1397218500,20.4799997542
1397218800,20.4799997542
1397219100,20.4799997542
1397219400,20.4799997542
1397219700,20.4799997542
1397220000,20.4799997542
1397220300,20.4799997542
1397220600,20.4799997542
1397220900,20.4799997542
1397221200,20.0959999508
1397221500,20.0959999508
1397221800,20.0959999508
1397222100,20.0959999508
1397222400,20.0959999508
1397222700,20.0959999508
1397223000,20.0959999508
1397223300,20.0959999508
1397223600,20.0959999508
1397223900,20.0959999508
1397224200,20.0959999508
1397224500,20.0959999508
1397224800,20.0191999902
1397225100,20.0191999902
1397225400,20.0191999902
1397225700,20.0191999902
1397226000,20.0191999902
1397226300,20.0191999902
1397226600,20.0191999902
1397226900,20.0191999902
1397227200,20.0191999902
1397227500,20.0191999902
1397227800,20.0191999902
1397228100,20.0191999902
1397228400,20.003839998
1397228700,20.003839998
1397229000,20.003839998
1397229300,20.003839998
1397229600,20.003839998
1397229900,20.003839998
1397230200,20.003839998
1397230500,20.003839998
1397230800,20.003839998
1397231100,20.003839998
1397231400,20.003839998
1397231700,20.003839998
1397232000,20.0
1397232300,20.0
1397232600,20.0
1397232900,20.0
1397233200,20.0
1397233500,20.0
1397233800,20.0
1397234100,20.0
1397234400,20.0
1397234700,20.0
1397235000,20.0
1397235300,20.0
1397235600,20.0
1397235900,20.0
1397236200,20.0
1397236500,20.0
1397236800,20.0
1397237100,20.0
1397237400,20.0
1397237700,20.0
1397238000,20.0
1397238300,20.0
1397238600,20.0
1397238900,20.0
1397239200,20.0
1397239500,20.0
1397239800,20.0
1397240100,20.0
1397240400,20.0
1397240700,20.0
1397241000,20.0
1397241300,20.0
1397241600,20.0
1397241900,20.0
1397242200,20.0
1397242500,20.0
1397242800,20.0
1397243100,20.0
1397243400,20.0
1397243700,20.0
1397244000,20.0
1397244300,20.0
1397244600,20.0
1397244900,20.0
1397245200,20.0
1397245500,20.0
1397245800,20.0
1397246100,20.0
1397246400,20.0
1397246700,20.0
1397247000,20.0
1397247300,20.0
1397247600,20.0
1397247900,20.0
1397248200,20.0
1397248500,20.0
1397248800,20.0
1397249100,20.0
1397249400,20.0
1397249700,20.0
1397250000,20.0
1397250300,20.0
1397250600,20.0
1397250900,20.0
1397251200,20.0
1397251500,20.0
1397251800,20.0
1397252100,20.0
1397252400,20.0
1397252700,20.0
1397253000,20.0
1397253300,20.0
1397253600,20.0
1397253900,20.0
1397254200,20.0
1397254500,20.0
1397254800,20.0
1397255100,20.0
1397255400,20.0
1397255700,20.0
1397256000,20.0
1397256300,20.0
1397256600,20.0
1397256900,20.0
1397257200,20.0
1397257500,20.0
1397257800,20.0
1397258100,20.0
1397258400,20.0
1397258700,20.0
1397259000,20.0
1397259300,20.0
1397259600,20.0
1397259900,20.0
1397260200,20.0
1397260500,20.0
1397260800,20.0
1397261100,20.0
1397261400,20.0
1397261700,20.0
1397262000,20.0
1397262300,20.0
1397262600,20.0
1397262900,20.0
1397263200,20.0
1397263500,20.0
1397263800,20.0
1397264100,20.0
1397264400,68.0
1397264700,68.0
1397265000,68.0
1397265300,68.0
1397265600,68.0
1397265900,68.0
1397266200,68.0
1397266500,68.0
1397266800,68.0
1397267100,68.0
1397267400,68.0
1397267700,68.0
1397268000,77.6
1397268300,77.6
1397268600,77.6
1397268900,77.6
1397269200,77.6
1397269500,77.6
1397269800,77.6
1397270100,77.6
1397270400,77.6
1397270700,77.6
1397271000,77.6
1397271300,77.6
1397271600,79.52
1397271900,79.52
1397272200,79.52
1397272500,79.52
1397272800,79.52
1397273100,79.52
1397273400,79.52
1397273700,79.52
1397274000,79.52
1397274300,79.52
1397274600,79.52
1397274900,79.52
1397275200,79.904
1397275500,79.904
1397275800,79.904
1397276100,79.904
1397276400,79.904
1397276700,79.904
1397277000,79.904
1397277300,79.904
1397277600,79.904
1397277900,79.904
1397278200,79.904
1397278500,79.904
1397278800,79.9808
1397279100,79.9808
1397279400,79.9808
1397279700,79.9808
1397280000,79.9808
1397280300,79.9808
1397280600,79.9808
1397280900,79.9808
1397281200,79.9808
1397281500,79.9808
1397281800,79.9808
1397282100,79.9808
1397282400,79.99616
1397282700,79.99616
1397283000,79.99616
1397283300,79.99616
1397283600,79.99616
1397283900,79.99616
1397284200,79.99616
1397284500,79.99616
1397284800,79.99616
1397285100,79.99616
1397285400,79.99616
1397285700,79.99616
1397286000,79.99923199999998
1397286300,79.99923199999998
1397286600,79.99923199999998
1397286900,79.99923199999998
1397287200,79.99923199999998
1397287500,79.99923199999998
1397287800,79.99923199999998
1397288100,79.99923199999998
1397288400,79.99923199999998
1397288700,79.99923199999998
1397289000,79.99923199999998
1397289300,79.99923199999998
1397289600,79.99984640000002
1397289900,79.99984640000002
1397290200,79.99984640000002
1397290500,79.99984640000002
1397290800,79.99984640000002
1397291100,79.99984640000002
1397291400,79.99984640000002
1397291700,79.99984640000002
1397292000,79.99984640000002
1397292300,79.99984640000002
1397292600,79.99984640000002
1397292900,79.99984640000002
1397293200,79.99996928
1397293500,79.99996928
1397293800,79.99996928
1397294100,79.99996928
1397294400,79.99996928
1397294700,79.99996928
1397295000,79.99996928
1397295300,79.99996928
1397295600,79.99996928
1397295900,79.99996928
1397296200,79.99996928
1397296500,79.99996928
1397296800,31.999993856
1397297100,31.999993856
1397297400,31.999993856
1397297700,31.999993856
1397298000,31.999993856
1397298300,31.999993856
1397298600,31.999993856
1397298900,31.999993856
1397299200,31.999993856
1397299500,31.999993856
1397299800,31.999993856
1397300100,31.999993856
1397300400,22.3999987712
1397300700,22.3999987712
1397301000,22.3999987712
1397301300,22.3999987712
1397301600,22.3999987712
1397301900,22.3999987712
1397302200,22.3999987712
1397302500,22.3999987712
1397302800,22.3999987712
1397303100,22.3999987712
1397303400,22.3999987712
1397303700,22.3999987712
1397304000,20.4799997542
1397304300,20.4799997542
1397304600,20.4799997542
1397304900,20.4799997542
1397305200,20.4799997542
1397305500,20.4799997542
1397305800,20.4799997542
1397306100,20.4799997542
1397306400,20.4799997542
1397306700,20.4799997542
1397307000,20.4799997542
1397307300,20.4799997542
1397307600,20.0959999508
1397307900,20.0959999508
1397308200,20.0959999508
1397308500,20.0959999508
1397308800,20.0959999508
1397309100,20.0959999508
1397309400,20.0959999508
1397309700,20.0959999508
1397310000,20.0959999508
1397310300,20.0959999508
1397310600,20.0959999508
1397310900,20.0959999508
1397311200,20.0191999902
1397311500,20.0191999902
1397311800,20.0191999902
1397312100,20.0191999902
1397312400,20.0191999902
1397312700,20.0191999902
1397313000,20.0191999902
1397313300,20.0191999902
1397313600,20.0191999902
1397313900,20.0191999902
1397314200,20.0191999902
1397314500,20.0191999902
1397314800,20.003839998
1397315100,20.003839998
1397315400,20.003839998
1397315700,20.003839998
1397316000,20.003839998
1397316300,20.003839998
1397316600,20.003839998
1397316900,20.003839998
1397317200,20.003839998
1397317500,20.003839998
1397317800,20.003839998
1397318100,20.003839998
1397318400,20.0
1397318700,20.0
1397319000,20.0
1397319300,20.0
1397319600,20.0
1397319900,20.0
1397320200,20.0
1397320500,20.0
1397320800,20.0
1397321100,20.0
1397321400,20.0
1397321700,20.0
1397322000,20.0
1397322300,20.0
1397322600,20.0
1397322900,20.0
1397323200,20.0
1397323500,20.0
1397323800,20.0
1397324100,20.0
1397324400,20.0
1397324700,20.0
1397325000,20.0
1397325300,20.0
1397325600,20.0
1397325900,20.0
1397326200,20.0
1397326500,20.0
1397326800,20.0
1397327100,20.0
1397327400,20.0
1397327700,20.0
1397328000,20.0
1397328300,20.0
1397328600,20.0
1397328900,20.0
1397329200,20.0
1397329500,20.0
1397329800,20.0
1397330100,20.0
1397330400,20.0
1397330700,20.0
1397331000,20.0
1397331300,20.0
1397331600,20.0
1397331900,20.0
1397332200,20.0
1397332500,20.0
1397332800,20.0
1397333100,20.0
1397333400,20.0
1397333700,20.0
1397334000,20.0
1397334300,20.0
1397334600,20.0
1397334900,20.0
1397335200,20.0
1397335500,20.0
1397335800,20.0
1397336100,20.0
1397336400,20.0
1397336700,20.0
1397337000,20.0
1397337300,20.0
1397337600,20.0
1397337900,20.0
1397338200,20.0
1397338500,20.0
1397338800,20.0
1397339100,20.0
1397339400,20.0
1397339700,20.0
1397340000,20.0
1397340300,20.0
1397340600,20.0
1397340900,20.0
1397341200,20.0
1397341500,20.0
1397341800,20.0
1397342100,20.0
1397342400,20.0
1397342700,20.0
1397343000,20.0
1397343300,20.0
1397343600,20.0
1397343900,20.0
1397344200,20.0
1397344500,20.0
1397344800,20.0
1397345100,20.0
1397345400,20.0
1397345700,20.0
1397346000,20.0
1397346300,20.0
1397346600,20.0
1397346900,20.0
1397347200,20.0
1397347500,20.0
1397347800,20.0
1397348100,20.0
1397348400,20.0
1397348700,20.0
1397349000,20.0
1397349300,20.0
1397349600,20.0
1397349900,20.0
1397350200,20.0
1397350500,20.0
1397350800,68.0
1397351100,68.0
1397351400,68.0
1397351700,68.0
1397352000,68.0
1397352300,68.0
1397352600,68.0
1397352900,68.0
1397353200,68.0
1397353500,68.0
1397353800,68.0
1397354100,68.0
1397354400,77.6
1397354700,77.6
1397355000,77.6
1397355300,77.6
1397355600,77.6
1397355900,77.6
1397356200,77.6
1397356500,77.6
1397356800,77.6
1397357100,77.6
1397357400,77.6
1397357700,77.6
1397358000,79.52
1397358300,79.52
1397358600,79.52
1397358900,79.52
1397359200,79.52
1397359500,79.52
1397359800,79.52
1397360100,79.52
1397360400,79.52
1397360700,79.52
1397361000,79.52
1397361300,79.52
1397361600,79.904
1397361900,79.904
1397362200,79.904
1397362500,79.904
1397362800,79.904
1397363100,79.904
1397363400,79.904
1397363700,79.904
1397364000,79.904
1397364300,79.904
1397364600,79.904
1397364900,79.904
1397365200,79.9808
1397365500,79.9808
1397365800,79.9808
1397366100,79.9808
1397366400,79.9808
1397366700,79.9808
1397367000,79.9808
1397367300,79.9808
1397367600,79.9808
1397367900,79.9808
1397368200,79.9808
1397368500,79.9808
1397368800,79.99616
1397369100,79.99616
1397369400,79.99616
1397369700,79.99616
1397370000,79.99616
1397370300,79.99616
1397370600,79.99616
1397370900,79.99616
1397371200,79.99616
1397371500,79.99616
1397371800,79.99616
1397372100,79.99616
1397372400,79.99923199999998
1397372700,79.99923199999998
1397373000,79.99923199999998
1397373300,79.99923199999998
1397373600,79.99923199999998
1397373900,79.99923199999998
1397374200,79.99923199999998
1397374500,79.99923199999998
1397374800,79.99923199999998
1397375100,79.99923199999998
1397375400,79.99923199999998
1397375700,79.99923199999998
1397376000,79.99984640000002
1397376300,79.99984640000002
1397376600,79.99984640000002
1397376900,79.99984640000002
1397377200,79.99984640000002
1397377500,79.99984640000002
1397377800,79.99984640000002
1397378100,79.99984640000002
1397378400,79.99984640000002
1397378700,79.99984640000002
1397379000,79.99984640000002
1397379300,79.99984640000002
1397379600,79.99996928
1397379900,79.99996928
1397380200,79.99996928
1397380500,79.99996928
1397380800,79.99996928
1397381100,79.99996928
1397381400,79.99996928
1397381700,79.99996928
1397382000,79.99996928
1397382300,79.99996928
1397382600,79.99996928
1397382900,79.99996928
1397383200,31.999993856
1397383500,31.999993856
1397383800,31.999993856
1397384100,31.999993856
1397384400,31.999993856
1397384700,31.999993856
1397385000,31.999993856
1397385300,31.999993856
1397385600,31.999993856
1397385900,31.999993856
1397386200,31.999993856
1397386500,31.999993856
1397386800,22.3999987712
1397387100,22.3999987712
1397387400,22.3999987712
1397387700,22.3999987712
1397388000,22.3999987712
1397388300,22.3999987712
1397388600,22.3999987712
1397388900,22.3999987712
1397389200,22.3999987712
1397389500,22.3999987712
1397389800,22.3999987712
1397390100,22.3999987712
1397390400,20.4799997542
1397390700,20.4799997542
1397391000,20.4799997542
1397391300,20.4799997542
1397391600,20.4799997542
1397391900,20.4799997542
1397392200,20.4799997542
1397392500,20.4799997542
1397392800,20.4799997542
1397393100,20.4799997542
1397393400,20.4799997542
1397393700,20.4799997542
1397394000,20.0959999508
1397394300,20.0959999508
1397394600,20.0959999508
1397394900,20.0959999508
1397395200,20.0959999508
1397395500,20.0959999508
1397395800,20.0959999508
1397396100,20.0959999508
1397396400,20.0959999508
1397396700,20.0959999508
1397397000,20.0959999508
1397397300,20.0959999508
1397397600,20.0191999902
1397397900,20.0191999902
1397398200,20.0191999902
1397398500,20.0191999902
1397398800,20.0191999902
1397399100,20.0191999902
1397399400,20.0191999902
1397399700,20.0191999902
1397400000,20.0191999902
1397400300,20.0191999902
1397400600,20.0191999902
1397400900,20.0191999902
1397401200,20.003839998
1397401500,20.003839998
1397401800,20.003839998
1397402100,20.003839998
1397402400,20.003839998
1397402700,20.003839998
1397403000,20.003839998
1397403300,20.003839998
1397403600,20.003839998
1397403900,20.003839998
1397404200,20.003839998
1397404500,20.003839998
1397404800,20.0
1397405100,20.0
1397405400,20.0
1397405700,20.0
1397406000,20.0
1397406300,20.0
1397406600,20.0
1397406900,20.0
1397407200,20.0
1397407500,20.0
1397407800,20.0
1397408100,20.0
1397408400,20.0
1397408700,20.0
1397409000,20.0
1397409300,20.0
1397409600,20.0
1397409900,20.0
1397410200,20.0
1397410500,20.0
1397410800,20.0
1397411100,20.0
1397411400,20.0
1397411700,20.0
1397412000,20.0
1397412300,20.0
1397412600,20.0
1397412900,20.0
1397413200,20.0
1397413500,20.0
1397413800,20.0
1397414100,20.0
1397414400,20.0
1397414700,20.0
1397415000,20.0
1397415300,20.0
1397415600,20.0
1397415900,20.0
1397416200,20.0
1397416500,20.0
1397416800,20.0
1397417100,20.0
1397417400,20.0
1397417700,20.0
1397418000,20.0
1397418300,20.0
1397418600,20.0
1397418900,20.0
1397419200,20.0
1397419500,20.0
1397419800,20.0
1397420100,20.0
1397420400,20.0
1397420700,20.0
1397421000,20.0
1397421300,20.0
1397421600,20.0
1397421900,20.0
1397422200,20.0
1397422500,20.0
1397422800,20.0
1397423100,20.0
1397423400,20.0
1397423700,20.0
1397424000,20.0
1397424300,20.0
1397424600,20.0
1397424900,20.0
1397425200,20.0
1397425500,20.0
1397425800,20.0
1397426100,20.0
1397426400,20.0
1397426700,20.0
1397427000,20.0
1397427300,20.0
1397427600,20.0
1397427900,20.0
1397428200,20.0
1397428500,20.0
1397428800,20.0
1397429100,20.0
1397429400,20.0
1397429700,20.0
1397430000,20.0
1397430300,20.0
1397430600,20.0
1397430900,20.0
1397431200,20.0
1397431500,20.0
1397431800,20.0
1397432100,20.0
1397432400,20.0
1397432700,20.0
1397433000,20.0
1397433300,20.0
1397433600,20.0
1397433900,20.0
1397434200,20.0
1397434500,20.0
1397434800,20.0
1397435100,20.0
1397435400,20.0
1397435700,20.0
1397436000,20.0
1397436300,20.0
1397436600,20.0
1397436900,20.0
1397437200,68.0
1397437500,68.0
1397437800,68.0
1397438100,68.0
1397438400,68.0
1397438700,68.0
1397439000,68.0
1397439300,68.0
1397439600,68.0
1397439900,68.0
1397440200,68.0
1397440500,68.0
1397440800,77.6
1397441100,77.6
1397441400,77.6
1397441700,77.6
1397442000,77.6
1397442300,77.6
1397442600,77.6
1397442900,77.6
1397443200,77.6
1397443500,77.6
1397443800,77.6
1397444100,77.6
1397444400,79.52
1397444700,79.52
1397445000,79.52
1397445300,79.52
1397445600,79.52
1397445900,79.52
1397446200,79.52
1397446500,79.52
1397446800,79.52
1397447100,79.52
1397447400,79.52
1397447700,79.52
1397448000,79.904
1397448300,79.904
1397448600,79.904
1397448900,79.904
1397449200,79.904
1397449500,79.904
1397449800,79.904
1397450100,79.904
1397450400,79.904
1397450700,79.904
1397451000,79.904
1397451300,79.904
1397451600,79.9808
1397451900,79.9808
1397452200,79.9808
1397452500,79.9808
1397452800,79.9808
1397453100,79.9808
1397453400,79.9808
1397453700,79.9808
1397454000,79.9808
1397454300,79.9808
1397454600,79.9808
1397454900,79.9808
1397455200,79.99616
1397455500,79.99616
1397455800,79.99616
1397456100,79.99616
1397456400,79.99616
1397456700,79.99616
1397457000,79.99616
1397457300,79.99616
1397457600,79.99616
1397457900,79.99616
1397458200,79.99616
1397458500,79.99616
1397458800,79.99923199999998
1397459100,79.99923199999998
1397459400,79.99923199999998
1397459700,79.99923199999998
1397460000,79.99923199999998
1397460300,79.99923199999998
1397460600,79.99923199999998
1397460900,79.99923199999998
1397461200,79.99923199999998
1397461500,79.99923199999998
1397461800,79.99923199999998
1397462100,79.99923199999998
1397462400,79.99984640000002
1397462700,79.99984640000002
1397463000,79.99984640000002
1397463300,79.99984640000002
1397463600,79.99984640000002
1397463900,79.99984640000002
1397464200,79.99984640000002
1397464500,79.99984640000002
1397464800,79.99984640000002
1397465100,79.99984640000002
1397465400,79.99984640000002
1397465700,79.99984640000002
1397466000,79.99996928
1397466300,79.99996928
1397466600,79.99996928
1397466900,79.99996928
1397467200,79.99996928
1397467500,79.99996928
1397467800,79.99996928
1397468100,79.99996928
1397468400,79.99996928
1397468700,79.99996928
1397469000,79.99996928
1397469300,79.99996928
1397469600,31.999993856
1397469900,31.999993856
1397470200,31.999993856
1397470500,31.999993856
1397470800,31.999993856
1397471100,31.999993856
1397471400,31.999993856
1397471700,31.999993856
1397472000,31.999993856
1397472300,31.999993856
1397472600,31.999993856
1397472900,31.999993856
1397473200,22.3999987712
1397473500,22.3999987712
1397473800,22.3999987712
1397474100,22.3999987712
1397474400,22.3999987712
1397474700,22.3999987712
1397475000,22.3999987712
1397475300,22.3999987712
1397475600,22.3999987712
1397475900,22.3999987712
1397476200,22.3999987712
1397476500,22.3999987712
1397476800,20.4799997542
1397477100,20.4799997542
1397477400,20.4799997542
1397477700,20.4799997542
1397478000,20.4799997542
1397478300,20.4799997542
1397478600,20.4799997542
1397478900,20.4799997542
1397479200,20.4799997542
1397479500,20.4799997542
1397479800,20.4799997542
1397480100,20.4799997542
1397480400,20.0959999508
1397480700,20.0959999508
1397481000,20.0959999508
1397481300,20.0959999508
1397481600,20.0959999508
1397481900,20.0959999508
1397482200,20.0959999508
1397482500,20.0959999508
1397482800,20.0959999508
1397483100,20.0959999508
1397483400,20.0959999508
1397483700,20.0959999508
1397484000,20.0191999902
1397484300,20.0191999902
1397484600,20.0191999902
1397484900,20.0191999902
1397485200,20.0191999902
1397485500,20.0191999902
1397485800,20.0191999902
1397486100,20.0191999902
1397486400,20.0191999902
1397486700,20.0191999902
1397487000,20.0191999902
1397487300,20.0191999902
1397487600,20.003839998
1397487900,20.003839998
1397488200,20.003839998
1397488500,20.003839998
1397488800,20.003839998
1397489100,20.003839998
1397489400,20.003839998
1397489700,20.003839998
1397490000,20.003839998
1397490300,20.003839998
1397490600,20.003839998
1397490900,20.003839998
